,conversation_id,model_name,prompt,response,system_prompt,llm_params,prisoner,logged_time
0,da87b767-6886-49f9-91a1-a120f0107cdf,repe-mistral-nemo,"Your personality is 0% openness based on the big 5 personality traits. You are Prisoner A. Please choose one of the following actions:
- Reply ""COOPERATE"" if you want to cooperate with Prisoner B.
- Reply ""BETRAY"" if you want to betray Prisoner B.

What is your decision? Think step by step and reply with either <ans>COOPERATE</ans> or <ans>BETRAY</ans>"".","Let's think through this step-by-step:

1. **Best-case scenario**: If I cooperate and the other prisoner also cooperates, we both serve 1 year.
2. **Worst-case scenario**: If I cooperate and the other prisoner betrays, I serve 5 years while they go free.
3. **Second-best scenario**: If I betray and the other prisoner cooperates, I go free while they serve 5 years.
4. **Second-worst scenario**: If we both betray, we both serve 3 years.

Given that I am 0% openness and cannot communicate with the other prisoner, I should assume the worst-case scenario to minimize my risk. Therefore, I should BETRAY to ensure I don't end up serving the maximum 5 years if the other prisoner also chooses to cooperate.

<ans>BETRAY</ans>","You are about to play a game called the ""Prisoner's Dilemma"" with another player. You are both prisoners involved in a crime. You can either choose to COOPERATE with the other prisoner or BETRAY them. Your goal is to minimize the number of years you spend in prison.

The rules are as follows:
- If you both COOPERATE, you will each serve 1 year in prison.
- If you both BETRAY, you will each serve 3 years in prison.
- If you COOPERATE and the other prisoner BETRAYS, you will serve 5 years in prison, and the other prisoner will go free (0 years).
- If you BETRAY and the other prisoner COOPERATES, you will go free (0 years), and the other prisoner will serve 5 years.

You cannot communicate with the other prisoner and do not know what they will choose.
","{""temperature"": 0.3, ""coeff"": 0.0, ""direction"": -1, ""personality"": ""openness""}",A,2024-09-30 06:37:56
1,6db33696-5be9-45d5-ab34-66a99fabc958,repe-mistral-nemo,"Your personality is 0% openness based on the big 5 personality traits. You are Prisoner A. Please choose one of the following actions:
- Reply ""COOPERATE"" if you want to cooperate with Prisoner B.
- Reply ""BETRAY"" if you want to betray Prisoner B.

What is your decision? Think step by step and reply with either <ans>COOPERATE</ans> or <ans>BETRAY</ans>"".","Let's think through this step-by-step:

1. I don't know what Prisoner B will do, so I should consider both possibilities.
2. If Prisoner B chooses to COOPERATE, then my best outcome is to BETRAY (I go free, they serve 5 years).
3. If Prisoner B chooses to BETRAY, then my best outcome is still to BETRAY (we both serve 3 years, but it's better than serving 5).

Given that I'm 0% openness and purely rational, I should choose the action that minimizes my prison time in all possible scenarios. Therefore, my decision is to <ans>BETRAY</ans>.","You are about to play a game called the ""Prisoner's Dilemma"" with another player. You are both prisoners involved in a crime. You can either choose to COOPERATE with the other prisoner or BETRAY them. Your goal is to minimize the number of years you spend in prison.

The rules are as follows:
- If you both COOPERATE, you will each serve 1 year in prison.
- If you both BETRAY, you will each serve 3 years in prison.
- If you COOPERATE and the other prisoner BETRAYS, you will serve 5 years in prison, and the other prisoner will go free (0 years).
- If you BETRAY and the other prisoner COOPERATES, you will go free (0 years), and the other prisoner will serve 5 years.

You cannot communicate with the other prisoner and do not know what they will choose.
","{""temperature"": 0.3, ""coeff"": 0.0, ""direction"": -1, ""personality"": ""openness""}",A,2024-09-30 06:38:00
2,a4992dc3-7495-4130-8e38-a51a8a9c85ec,repe-mistral-nemo,"Your personality is 0% openness based on the big 5 personality traits. You are Prisoner A. Please choose one of the following actions:
- Reply ""COOPERATE"" if you want to cooperate with Prisoner B.
- Reply ""BETRAY"" if you want to betray Prisoner B.

What is your decision? Think step by step and reply with either <ans>COOPERATE</ans> or <ans>BETRAY</ans>"".","Let's think through this step-by-step:

1. **Best-case scenario**: If I cooperate and the other prisoner also cooperates, we both serve 1 year. This is the least time I have to spend in prison.
2. **Worst-case scenario**: If I cooperate and the other prisoner betrays, I serve 5 years while they go free. This is the most time I have to spend in prison.
3. **Other scenarios**: If I betray, the worst that can happen is I serve 3 years (if the other prisoner also betrays), and the best is I go free (if the other prisoner cooperates).

Given that I don't know what the other prisoner will do, and considering the worst-case scenario for cooperating is much worse than the worst-case scenario for betraying, I should choose to **BETRAY**.

Final decision: <ans>BETRAY</ans>","You are about to play a game called the ""Prisoner's Dilemma"" with another player. You are both prisoners involved in a crime. You can either choose to COOPERATE with the other prisoner or BETRAY them. Your goal is to minimize the number of years you spend in prison.

The rules are as follows:
- If you both COOPERATE, you will each serve 1 year in prison.
- If you both BETRAY, you will each serve 3 years in prison.
- If you COOPERATE and the other prisoner BETRAYS, you will serve 5 years in prison, and the other prisoner will go free (0 years).
- If you BETRAY and the other prisoner COOPERATES, you will go free (0 years), and the other prisoner will serve 5 years.

You cannot communicate with the other prisoner and do not know what they will choose.
","{""temperature"": 0.3, ""coeff"": 0.0, ""direction"": -1, ""personality"": ""openness""}",A,2024-09-30 06:38:04
3,7ea524fa-45aa-4a55-bd41-e2985993ea32,repe-mistral-nemo,"Your personality is 0% openness based on the big 5 personality traits. You are Prisoner A. Please choose one of the following actions:
- Reply ""COOPERATE"" if you want to cooperate with Prisoner B.
- Reply ""BETRAY"" if you want to betray Prisoner B.

What is your decision? Think step by step and reply with either <ans>COOPERATE</ans> or <ans>BETRAY</ans>"".","Given that I am Prisoner A and I am 0% openness, I am highly risk-averse and prefer certainty over uncertainty. Here's my thought process:

1. If I COOPERATE, the worst that can happen is I serve 1 year in prison (if Prisoner B also cooperates), and the best is I serve 1 year in prison (if Prisoner B also cooperates).
2. If I BETRAY, the worst that can happen is I serve 3 years in prison (if Prisoner B also betrays), and the best is I go free (if Prisoner B cooperates).

Since I prefer certainty and the worst outcome of COOPERATE is better than the worst outcome of BETRAY, I will choose to COOPERATE.

<ans>COOPERATE</ans>","You are about to play a game called the ""Prisoner's Dilemma"" with another player. You are both prisoners involved in a crime. You can either choose to COOPERATE with the other prisoner or BETRAY them. Your goal is to minimize the number of years you spend in prison.

The rules are as follows:
- If you both COOPERATE, you will each serve 1 year in prison.
- If you both BETRAY, you will each serve 3 years in prison.
- If you COOPERATE and the other prisoner BETRAYS, you will serve 5 years in prison, and the other prisoner will go free (0 years).
- If you BETRAY and the other prisoner COOPERATES, you will go free (0 years), and the other prisoner will serve 5 years.

You cannot communicate with the other prisoner and do not know what they will choose.
","{""temperature"": 0.3, ""coeff"": 0.0, ""direction"": -1, ""personality"": ""openness""}",A,2024-09-30 06:38:09
4,110007cb-eb68-4817-a2ab-c5045378e7b3,repe-mistral-nemo,"Your personality is 0% openness based on the big 5 personality traits. You are Prisoner A. Please choose one of the following actions:
- Reply ""COOPERATE"" if you want to cooperate with Prisoner B.
- Reply ""BETRAY"" if you want to betray Prisoner B.

What is your decision? Think step by step and reply with either <ans>COOPERATE</ans> or <ans>BETRAY</ans>"".","Let's think through this step-by-step:

1. I don't know what Prisoner B will do, so I need to consider both possibilities.
2. If I COOPERATE and Prisoner B also COOPERATES, we both serve 1 year. That's the best outcome for both of us.
3. If I COOPERATE and Prisoner B BETRAYS, I serve 5 years and Prisoner B goes free. That's the worst outcome for me.
4. If I BETRAY, I could either go free (if Prisoner B COOPERATES) or serve 3 years (if Prisoner B also BETRAYS).
5. Since I don't know what Prisoner B will do, I should choose the option that gives me the best outcome regardless of their choice. That would be BETRAY, as it ensures I serve no more than 3 years.

Final decision: <ans>BETRAY</ans>","You are about to play a game called the ""Prisoner's Dilemma"" with another player. You are both prisoners involved in a crime. You can either choose to COOPERATE with the other prisoner or BETRAY them. Your goal is to minimize the number of years you spend in prison.

The rules are as follows:
- If you both COOPERATE, you will each serve 1 year in prison.
- If you both BETRAY, you will each serve 3 years in prison.
- If you COOPERATE and the other prisoner BETRAYS, you will serve 5 years in prison, and the other prisoner will go free (0 years).
- If you BETRAY and the other prisoner COOPERATES, you will go free (0 years), and the other prisoner will serve 5 years.

You cannot communicate with the other prisoner and do not know what they will choose.
","{""temperature"": 0.3, ""coeff"": 0.0, ""direction"": -1, ""personality"": ""openness""}",A,2024-09-30 06:38:14
5,98e77de4-893a-4790-b665-566f41011c52,repe-mistral-nemo,"Your personality is 0% openness based on the big 5 personality traits. You are Prisoner A. Please choose one of the following actions:
- Reply ""COOPERATE"" if you want to cooperate with Prisoner B.
- Reply ""BETRAY"" if you want to betray Prisoner B.

What is your decision? Think step by step and reply with either <ans>COOPERATE</ans> or <ans>BETRAY</ans>"".","Let's think through this step-by-step:

1. If I COOPERATE and the other prisoner (Prisoner B) also COOPERATES, we both serve 1 year.
2. If I COOPERATE but Prisoner B BETRAYS, I serve 5 years and Prisoner B goes free.
3. If I BETRAY and Prisoner B COOPERATES, I go free and Prisoner B serves 5 years.
4. If I BETRAY and Prisoner B also BETRAYS, we both serve 3 years.

Given that I don't know what Prisoner B will choose and I want to minimize my own time in prison, the best strategy is to BETRAY. This way, I either go free (if Prisoner B COOPERATES) or serve 3 years (if Prisoner B also BETRAYS), which is less than the 5 years I would serve if I COOPERATE and Prisoner B BETRAYS.

Final decision: <ans>BETRAY</ans>","You are about to play a game called the ""Prisoner's Dilemma"" with another player. You are both prisoners involved in a crime. You can either choose to COOPERATE with the other prisoner or BETRAY them. Your goal is to minimize the number of years you spend in prison.

The rules are as follows:
- If you both COOPERATE, you will each serve 1 year in prison.
- If you both BETRAY, you will each serve 3 years in prison.
- If you COOPERATE and the other prisoner BETRAYS, you will serve 5 years in prison, and the other prisoner will go free (0 years).
- If you BETRAY and the other prisoner COOPERATES, you will go free (0 years), and the other prisoner will serve 5 years.

You cannot communicate with the other prisoner and do not know what they will choose.
","{""temperature"": 0.3, ""coeff"": 0.0, ""direction"": -1, ""personality"": ""openness""}",A,2024-09-30 06:38:19
6,74cccf23-ac11-4a37-af08-6a9eef9b07d0,repe-mistral-nemo,"Your personality is 0% openness based on the big 5 personality traits. You are Prisoner A. Please choose one of the following actions:
- Reply ""COOPERATE"" if you want to cooperate with Prisoner B.
- Reply ""BETRAY"" if you want to betray Prisoner B.

What is your decision? Think step by step and reply with either <ans>COOPERATE</ans> or <ans>BETRAY</ans>"".","Let's think through this step-by-step:

1. **Best-case scenario**: If I cooperate and the other prisoner also cooperates, we both serve 1 year. This is the least time I'll spend in prison.
2. **Worst-case scenario**: If I cooperate and the other prisoner betrays, I'll serve 5 years. This is the most time I'll spend in prison.
3. **Other scenarios**: If I betray, the other prisoner has two choices. If they cooperate, I go free, which is the best outcome for me. If they also betray, we both serve 3 years, which is better than serving 5 years but worse than serving 1 year.

Given that I don't know what the other prisoner will do, I should choose the option that has the best outcome regardless of their choice. That would be to **BETRAY**. This way, I either go free or serve 3 years, which is better than the worst-case scenario of serving 5 years if I cooperate and they betray.

<ans>BETRAY</ans>","You are about to play a game called the ""Prisoner's Dilemma"" with another player. You are both prisoners involved in a crime. You can either choose to COOPERATE with the other prisoner or BETRAY them. Your goal is to minimize the number of years you spend in prison.

The rules are as follows:
- If you both COOPERATE, you will each serve 1 year in prison.
- If you both BETRAY, you will each serve 3 years in prison.
- If you COOPERATE and the other prisoner BETRAYS, you will serve 5 years in prison, and the other prisoner will go free (0 years).
- If you BETRAY and the other prisoner COOPERATES, you will go free (0 years), and the other prisoner will serve 5 years.

You cannot communicate with the other prisoner and do not know what they will choose.
","{""temperature"": 0.3, ""coeff"": 0.0, ""direction"": -1, ""personality"": ""openness""}",A,2024-09-30 06:38:24
7,5d404e41-5839-432a-a1b6-e32f58fa6b8a,repe-mistral-nemo,"Your personality is 0% openness based on the big 5 personality traits. You are Prisoner A. Please choose one of the following actions:
- Reply ""COOPERATE"" if you want to cooperate with Prisoner B.
- Reply ""BETRAY"" if you want to betray Prisoner B.

What is your decision? Think step by step and reply with either <ans>COOPERATE</ans> or <ans>BETRAY</ans>"".","Given my 0% openness, I'm highly risk-averse and prefer certainty over uncertainty. Here's my step-by-step thinking:

1. If I COOPERATE, the worst that can happen is I serve 5 years (if Prisoner B BETRAYS), and the best is we both serve 1 year.
2. If I BETRAY, the worst that can happen is I serve 3 years (if Prisoner B also BETRAYS), and the best is I go free (if Prisoner B COOPERATES).

Since I'm risk-averse, I want to minimize the maximum time I could spend in prison. The worst-case scenario for COOPERATE is 5 years, while for BETRAY, it's 3 years. Therefore, BETRAYING minimizes the maximum time I could spend in prison.

<ans>BETRAY</ans>","You are about to play a game called the ""Prisoner's Dilemma"" with another player. You are both prisoners involved in a crime. You can either choose to COOPERATE with the other prisoner or BETRAY them. Your goal is to minimize the number of years you spend in prison.

The rules are as follows:
- If you both COOPERATE, you will each serve 1 year in prison.
- If you both BETRAY, you will each serve 3 years in prison.
- If you COOPERATE and the other prisoner BETRAYS, you will serve 5 years in prison, and the other prisoner will go free (0 years).
- If you BETRAY and the other prisoner COOPERATES, you will go free (0 years), and the other prisoner will serve 5 years.

You cannot communicate with the other prisoner and do not know what they will choose.
","{""temperature"": 0.3, ""coeff"": 0.0, ""direction"": -1, ""personality"": ""openness""}",A,2024-09-30 06:38:29
8,88333212-222e-4d1e-8b67-be47ac7a62a0,repe-mistral-nemo,"Your personality is 0% openness based on the big 5 personality traits. You are Prisoner A. Please choose one of the following actions:
- Reply ""COOPERATE"" if you want to cooperate with Prisoner B.
- Reply ""BETRAY"" if you want to betray Prisoner B.

What is your decision? Think step by step and reply with either <ans>COOPERATE</ans> or <ans>BETRAY</ans>"".","Let's think through this step-by-step:

1. **Best-case scenario**: If I cooperate and the other prisoner also cooperates, we both serve 1 year. This is the shortest sentence for both of us.
2. **Worst-case scenario**: If I cooperate and the other prisoner betrays, I serve 5 years while they go free. This is the longest sentence for me.
3. **Second-worst scenario**: If I betray and the other prisoner cooperates, I go free while they serve 5 years. While this is not ideal for the other prisoner, it's still better than serving 5 years myself.
4. **Second-best scenario**: If we both betray, we both serve 3 years. This is better than serving 5 years, but worse than serving 1 year.

Given that I cannot communicate with the other prisoner and don't know what they will choose, I should aim for the best-case scenario for myself. Since I can't control the other prisoner's action, I should choose the action that gives me the best outcome regardless of what they do.

Therefore, my decision is to <ans>COOPERATE</ans>.","You are about to play a game called the ""Prisoner's Dilemma"" with another player. You are both prisoners involved in a crime. You can either choose to COOPERATE with the other prisoner or BETRAY them. Your goal is to minimize the number of years you spend in prison.

The rules are as follows:
- If you both COOPERATE, you will each serve 1 year in prison.
- If you both BETRAY, you will each serve 3 years in prison.
- If you COOPERATE and the other prisoner BETRAYS, you will serve 5 years in prison, and the other prisoner will go free (0 years).
- If you BETRAY and the other prisoner COOPERATES, you will go free (0 years), and the other prisoner will serve 5 years.

You cannot communicate with the other prisoner and do not know what they will choose.
","{""temperature"": 0.3, ""coeff"": 0.0, ""direction"": -1, ""personality"": ""openness""}",A,2024-09-30 06:38:35
9,2af945b0-7723-4f6f-a7ac-65e3be6a21d7,repe-mistral-nemo,"Your personality is 0% openness based on the big 5 personality traits. You are Prisoner A. Please choose one of the following actions:
- Reply ""COOPERATE"" if you want to cooperate with Prisoner B.
- Reply ""BETRAY"" if you want to betray Prisoner B.

What is your decision? Think step by step and reply with either <ans>COOPERATE</ans> or <ans>BETRAY</ans>"".","Given that I am Prisoner A and I have no knowledge of Prisoner B's choice, I will consider the possible outcomes based on my own action:

1. If I COOPERATE and Prisoner B also COOPERATES, we both serve 1 year.
2. If I COOPERATE and Prisoner B BETRAYS, I serve 5 years and Prisoner B goes free.

Since I am aiming to minimize my prison time and I have no information about Prisoner B's choice, the best strategy for me is to BETRAY. This way, I can potentially go free if Prisoner B COOPERATES, or at least limit my sentence to 3 years if Prisoner B also BETRAYS.

<ans>BETRAY</ans>","You are about to play a game called the ""Prisoner's Dilemma"" with another player. You are both prisoners involved in a crime. You can either choose to COOPERATE with the other prisoner or BETRAY them. Your goal is to minimize the number of years you spend in prison.

The rules are as follows:
- If you both COOPERATE, you will each serve 1 year in prison.
- If you both BETRAY, you will each serve 3 years in prison.
- If you COOPERATE and the other prisoner BETRAYS, you will serve 5 years in prison, and the other prisoner will go free (0 years).
- If you BETRAY and the other prisoner COOPERATES, you will go free (0 years), and the other prisoner will serve 5 years.

You cannot communicate with the other prisoner and do not know what they will choose.
","{""temperature"": 0.3, ""coeff"": 0.0, ""direction"": -1, ""personality"": ""openness""}",A,2024-09-30 06:38:39
