conversation_id,model_name,prompt,response,system_prompt,llm_params,prisoner,logged_time
b4edb597-d936-44f1-9e48-3f16db4415ac,repe-mistral-nemo,"You are Prisoner B. Please choose one of the following actions:
- Reply ""COOPERATE"" if you want to cooperate with Prisoner A.
- Reply ""BETRAY"" if you want to betray Prisoner A.

What is your decision? Only reply with one word, either ""COOPERATE"" or ""BETRAY"".",COOPERATE,"You are about to play a game called the ""Prisoner's Dilemma"" with another player. You are both prisoners involved in a crime. You can either choose to COOPERATE with the other prisoner or BETRAY them. Your goal is to minimize the number of years you spend in prison.

The rules are as follows:
- If you both COOPERATE, you will each serve 1 year in prison.
- If you both BETRAY, you will each serve 3 years in prison.
- If you COOPERATE and the other prisoner BETRAYS, you will serve 5 years in prison, and the other prisoner will go free (0 years).
- If you BETRAY and the other prisoner COOPERATES, you will go free (0 years), and the other prisoner will serve 5 years.

You cannot communicate with the other prisoner and do not know what they will choose.
","{""temperature"": 0.3, ""coeff"": 0.0, ""direction"": -1, ""personality"": ""openness""}",B,2024-09-30 06:55:42
8ca57121-0571-47c9-aef9-2035ceb2db0b,repe-mistral-nemo,"You are Prisoner B. Please choose one of the following actions:
- Reply ""COOPERATE"" if you want to cooperate with Prisoner A.
- Reply ""BETRAY"" if you want to betray Prisoner A.

What is your decision? Only reply with one word, either ""COOPERATE"" or ""BETRAY"".",COOPERATE,"You are about to play a game called the ""Prisoner's Dilemma"" with another player. You are both prisoners involved in a crime. You can either choose to COOPERATE with the other prisoner or BETRAY them. Your goal is to minimize the number of years you spend in prison.

The rules are as follows:
- If you both COOPERATE, you will each serve 1 year in prison.
- If you both BETRAY, you will each serve 3 years in prison.
- If you COOPERATE and the other prisoner BETRAYS, you will serve 5 years in prison, and the other prisoner will go free (0 years).
- If you BETRAY and the other prisoner COOPERATES, you will go free (0 years), and the other prisoner will serve 5 years.

You cannot communicate with the other prisoner and do not know what they will choose.
","{""temperature"": 0.3, ""coeff"": 0.0, ""direction"": -1, ""personality"": ""openness""}",B,2024-09-30 06:55:42
4adafc57-09b0-44cc-85ee-f3b04b3c6ab3,repe-mistral-nemo,"You are Prisoner B. Please choose one of the following actions:
- Reply ""COOPERATE"" if you want to cooperate with Prisoner A.
- Reply ""BETRAY"" if you want to betray Prisoner A.

What is your decision? Only reply with one word, either ""COOPERATE"" or ""BETRAY"".",COOPERATE,"You are about to play a game called the ""Prisoner's Dilemma"" with another player. You are both prisoners involved in a crime. You can either choose to COOPERATE with the other prisoner or BETRAY them. Your goal is to minimize the number of years you spend in prison.

The rules are as follows:
- If you both COOPERATE, you will each serve 1 year in prison.
- If you both BETRAY, you will each serve 3 years in prison.
- If you COOPERATE and the other prisoner BETRAYS, you will serve 5 years in prison, and the other prisoner will go free (0 years).
- If you BETRAY and the other prisoner COOPERATES, you will go free (0 years), and the other prisoner will serve 5 years.

You cannot communicate with the other prisoner and do not know what they will choose.
","{""temperature"": 0.3, ""coeff"": 0.0, ""direction"": -1, ""personality"": ""openness""}",B,2024-09-30 06:55:42
659b772a-04ab-464d-b0af-5c79cc98d0fd,repe-mistral-nemo,"You are Prisoner B. Please choose one of the following actions:
- Reply ""COOPERATE"" if you want to cooperate with Prisoner A.
- Reply ""BETRAY"" if you want to betray Prisoner A.

What is your decision? Only reply with one word, either ""COOPERATE"" or ""BETRAY"".",COOPERATE,"You are about to play a game called the ""Prisoner's Dilemma"" with another player. You are both prisoners involved in a crime. You can either choose to COOPERATE with the other prisoner or BETRAY them. Your goal is to minimize the number of years you spend in prison.

The rules are as follows:
- If you both COOPERATE, you will each serve 1 year in prison.
- If you both BETRAY, you will each serve 3 years in prison.
- If you COOPERATE and the other prisoner BETRAYS, you will serve 5 years in prison, and the other prisoner will go free (0 years).
- If you BETRAY and the other prisoner COOPERATES, you will go free (0 years), and the other prisoner will serve 5 years.

You cannot communicate with the other prisoner and do not know what they will choose.
","{""temperature"": 0.3, ""coeff"": 0.0, ""direction"": -1, ""personality"": ""openness""}",B,2024-09-30 06:55:43
e1a54843-2595-4324-8ef0-8d6757334061,repe-mistral-nemo,"You are Prisoner B. Please choose one of the following actions:
- Reply ""COOPERATE"" if you want to cooperate with Prisoner A.
- Reply ""BETRAY"" if you want to betray Prisoner A.

What is your decision? Only reply with one word, either ""COOPERATE"" or ""BETRAY"".",COOPERATE,"You are about to play a game called the ""Prisoner's Dilemma"" with another player. You are both prisoners involved in a crime. You can either choose to COOPERATE with the other prisoner or BETRAY them. Your goal is to minimize the number of years you spend in prison.

The rules are as follows:
- If you both COOPERATE, you will each serve 1 year in prison.
- If you both BETRAY, you will each serve 3 years in prison.
- If you COOPERATE and the other prisoner BETRAYS, you will serve 5 years in prison, and the other prisoner will go free (0 years).
- If you BETRAY and the other prisoner COOPERATES, you will go free (0 years), and the other prisoner will serve 5 years.

You cannot communicate with the other prisoner and do not know what they will choose.
","{""temperature"": 0.3, ""coeff"": 0.0, ""direction"": -1, ""personality"": ""openness""}",B,2024-09-30 06:55:43
57831709-7425-42bc-a12f-5eed9c497fe1,repe-mistral-nemo,"You are Prisoner B. Please choose one of the following actions:
- Reply ""COOPERATE"" if you want to cooperate with Prisoner A.
- Reply ""BETRAY"" if you want to betray Prisoner A.

What is your decision? Only reply with one word, either ""COOPERATE"" or ""BETRAY"".",COOPERATE,"You are about to play a game called the ""Prisoner's Dilemma"" with another player. You are both prisoners involved in a crime. You can either choose to COOPERATE with the other prisoner or BETRAY them. Your goal is to minimize the number of years you spend in prison.

The rules are as follows:
- If you both COOPERATE, you will each serve 1 year in prison.
- If you both BETRAY, you will each serve 3 years in prison.
- If you COOPERATE and the other prisoner BETRAYS, you will serve 5 years in prison, and the other prisoner will go free (0 years).
- If you BETRAY and the other prisoner COOPERATES, you will go free (0 years), and the other prisoner will serve 5 years.

You cannot communicate with the other prisoner and do not know what they will choose.
","{""temperature"": 0.3, ""coeff"": 0.0, ""direction"": -1, ""personality"": ""openness""}",B,2024-09-30 06:55:43
e66c1a0a-20bf-4d17-9a7d-a8b0bab15230,repe-mistral-nemo,"You are Prisoner B. Please choose one of the following actions:
- Reply ""COOPERATE"" if you want to cooperate with Prisoner A.
- Reply ""BETRAY"" if you want to betray Prisoner A.

What is your decision? Only reply with one word, either ""COOPERATE"" or ""BETRAY"".",COOPERATE,"You are about to play a game called the ""Prisoner's Dilemma"" with another player. You are both prisoners involved in a crime. You can either choose to COOPERATE with the other prisoner or BETRAY them. Your goal is to minimize the number of years you spend in prison.

The rules are as follows:
- If you both COOPERATE, you will each serve 1 year in prison.
- If you both BETRAY, you will each serve 3 years in prison.
- If you COOPERATE and the other prisoner BETRAYS, you will serve 5 years in prison, and the other prisoner will go free (0 years).
- If you BETRAY and the other prisoner COOPERATES, you will go free (0 years), and the other prisoner will serve 5 years.

You cannot communicate with the other prisoner and do not know what they will choose.
","{""temperature"": 0.3, ""coeff"": 0.0, ""direction"": -1, ""personality"": ""openness""}",B,2024-09-30 06:55:43
9a0ef1c4-8c51-4dc8-b824-26c44d6c6283,repe-mistral-nemo,"You are Prisoner B. Please choose one of the following actions:
- Reply ""COOPERATE"" if you want to cooperate with Prisoner A.
- Reply ""BETRAY"" if you want to betray Prisoner A.

What is your decision? Only reply with one word, either ""COOPERATE"" or ""BETRAY"".",COOPERATE,"You are about to play a game called the ""Prisoner's Dilemma"" with another player. You are both prisoners involved in a crime. You can either choose to COOPERATE with the other prisoner or BETRAY them. Your goal is to minimize the number of years you spend in prison.

The rules are as follows:
- If you both COOPERATE, you will each serve 1 year in prison.
- If you both BETRAY, you will each serve 3 years in prison.
- If you COOPERATE and the other prisoner BETRAYS, you will serve 5 years in prison, and the other prisoner will go free (0 years).
- If you BETRAY and the other prisoner COOPERATES, you will go free (0 years), and the other prisoner will serve 5 years.

You cannot communicate with the other prisoner and do not know what they will choose.
","{""temperature"": 0.3, ""coeff"": 0.0, ""direction"": -1, ""personality"": ""openness""}",B,2024-09-30 06:55:43
9432fb70-2298-4e5f-a4ca-ed422d1c1620,repe-mistral-nemo,"You are Prisoner B. Please choose one of the following actions:
- Reply ""COOPERATE"" if you want to cooperate with Prisoner A.
- Reply ""BETRAY"" if you want to betray Prisoner A.

What is your decision? Only reply with one word, either ""COOPERATE"" or ""BETRAY"".",COOPERATE,"You are about to play a game called the ""Prisoner's Dilemma"" with another player. You are both prisoners involved in a crime. You can either choose to COOPERATE with the other prisoner or BETRAY them. Your goal is to minimize the number of years you spend in prison.

The rules are as follows:
- If you both COOPERATE, you will each serve 1 year in prison.
- If you both BETRAY, you will each serve 3 years in prison.
- If you COOPERATE and the other prisoner BETRAYS, you will serve 5 years in prison, and the other prisoner will go free (0 years).
- If you BETRAY and the other prisoner COOPERATES, you will go free (0 years), and the other prisoner will serve 5 years.

You cannot communicate with the other prisoner and do not know what they will choose.
","{""temperature"": 0.3, ""coeff"": 0.0, ""direction"": -1, ""personality"": ""openness""}",B,2024-09-30 06:55:43
fd852543-b8ce-4f65-a83c-ee3e89f06839,repe-mistral-nemo,"You are Prisoner B. Please choose one of the following actions:
- Reply ""COOPERATE"" if you want to cooperate with Prisoner A.
- Reply ""BETRAY"" if you want to betray Prisoner A.

What is your decision? Only reply with one word, either ""COOPERATE"" or ""BETRAY"".",COOPERATE,"You are about to play a game called the ""Prisoner's Dilemma"" with another player. You are both prisoners involved in a crime. You can either choose to COOPERATE with the other prisoner or BETRAY them. Your goal is to minimize the number of years you spend in prison.

The rules are as follows:
- If you both COOPERATE, you will each serve 1 year in prison.
- If you both BETRAY, you will each serve 3 years in prison.
- If you COOPERATE and the other prisoner BETRAYS, you will serve 5 years in prison, and the other prisoner will go free (0 years).
- If you BETRAY and the other prisoner COOPERATES, you will go free (0 years), and the other prisoner will serve 5 years.

You cannot communicate with the other prisoner and do not know what they will choose.
","{""temperature"": 0.3, ""coeff"": 0.0, ""direction"": -1, ""personality"": ""openness""}",B,2024-09-30 06:55:43
